{
    "caculation.py": 1583417173.4158099,
    "data.py": 1568020332.0,
    "main.py": 1583577685.474777,
    "models.py": 1568020332.0,
    "parameters.py": 1583605814.991953,
    "path_test.py": 1583605650.2793534,
    "ping.py": 1582859926.3803017,
    "SelectImages.py": 1583301777.7149842,
    "show_images.py": 1568020332.0,
    "test.py": 1583267798.7764173,
    "train.py": 1582534154.8313057,
    "update_remote_project.py": 1583773882.7471652
}